{
  "pno-k_02/3": 20.085,
  "pno-k_02/3t": 20.085,
  "pno-k_02/4": 21.4175,
  "pno-k_02/5": 22.8475,
  "pno-fv_6cm": 6.4025,
  "pn-vf_10": 10.14,
  "pno-fw_01": 0.455,
  "pno-z_01": 27.95,
  "pn-z_01": 2.145,
  "pn-si_a035": 8.77192355201952,
  "pn-si_a060": 10.18019384134,
  "pn-si_a070": 10.7675444318087,
  "pn-si_a087.5": 12.74,
  "pn-si_a105": 13.4104771285227,
  "pn-si_a140": 16.1936092744246,
  "pn-si_a150": 16.3270980449857,
  "pn-si_a035-u": 10.689203533407,
  "pn-si_a070-u": 11.3059216533991,
  "pn-si_a105-u": 14.0595,
  "pn-d_035035": 56.6851949019608,
  "pn-d_035070": 60.7223449019608,
  "pn-d_035105": 62.2538749019608,
  "pn-d_070070": 61.3872949019608,
  "pn-d_070105": 63.7682449019608,
  "pn-d_105105": 64.2101149019608,
  "pn-d_060150": 63.0603949019608,
  "pno_p1h_a035-h035-met01.5_r9003": 44.6552581526633,
  "pno_p1h_a035-h070-met01.5_r9003": 62.7651259565259,
  "pno_p1h_a035-h105-met01.5_r9003": 80.8749937603886,
  "pno_p1h_a035-h035-met01.5_r1013": 44.6552581526633,
  "pno_p1h_a035-h070-met01.5_r1013": 62.7651259565259,
  "pno_p1h_a035-h105-met01.5_r1013": 80.8749937603886,
  "pno_p1h_a035-h035-met01.5_r7032": 44.6552581526633,
  "pno_p1h_a035-h070-met01.5_r7032": 62.7651259565259,
  "pno_p1h_a035-h105-met01.5_r7032": 80.8749937603886,
  "pno_p1h_a035-h035-met01.5_r7004": 44.6552581526633,
  "pno_p1h_a035-h070-met01.5_r7004": 62.7651259565259,
  "pno_p1h_a035-h105-met01.5_r7004": 80.8749937603886,
  "pno_p1h_a035-h035-met01.5_r7039": 44.6552581526633,
  "pno_p1h_a035-h070-met01.5_r7039": 62.7651259565259,
  "pno_p1h_a035-h105-met01.5_r7039": 80.8749937603886,
  "pno_p1h_a035-h035-met01.5_r9007": 44.6552581526633,
  "pno_p1h_a035-h070-met01.5_r9007": 62.7651259565259,
  "pno_p1h_a035-h105-met01.5_r9007": 80.8749937603886,
  "pno_p1h_a035-h035-met01.5_r7011": 44.6552581526633,
  "pno_p1h_a035-h070-met01.5_r7011": 62.7651259565259,
  "pno_p1h_a035-h105-met01.5_r7011": 80.8749937603886,
  "pno_p1h_a035-h035-met01.5_r9005": 44.6552581526633,
  "pno_p1h_a035-h070-met01.5_r9005": 62.7651259565259,
  "pno_p1h_a035-h105-met01.5_r9005": 80.8749937603886,
  "pno_p1h_a035-h035-met01.5_r1023": 44.6552581526633,
  "pno_p1h_a035-h070-met01.5_r1023": 62.7651259565259,
  "pno_p1h_a035-h105-met01.5_r1023": 80.8749937603886,
  "pno_p1h_a035-h035-met01.5_r2004": 44.6552581526633,
  "pno_p1h_a035-h070-met01.5_r2004": 62.7651259565259,
  "pno_p1h_a035-h105-met01.5_r2004": 80.8749937603886,
  "pno_p1h_a035-h035-met01.5_r8014": 44.6552581526633,
  "pno_p1h_a035-h070-met01.5_r8014": 62.7651259565259,
  "pno_p1h_a035-h105-met01.5_r8014": 80.8749937603886,
  "pno_p1h_a035-h035-met01.5_r5010": 44.6552581526633,
  "pno_p1h_a035-h070-met01.5_r5010": 62.7651259565259,
  "pno_p1h_a035-h105-met01.5_r5010": 80.8749937603886,
  "pno_p1h_a035-h035-met01.5_r6025": 44.6552581526633,
  "pno_p1h_a035-h070-met01.5_r6025": 62.7651259565259,
  "pno_p1h_a035-h105-met01.5_r6025": 80.8749937603886,
  "pno_p1h_a035-h035-met01.5_r6005": 44.6552581526633,
  "pno_p1h_a035-h070-met01.5_r6005": 62.7651259565259,
  "pno_p1h_a035-h105-met01.5_r6005": 80.8749937603886,
  "pno_p2h_a035-h035-met01.5_r9003": 45.5656818922372,
  "pno_p2h_a035-h070-met01.5_r9003": 64.7680581835886,
  "pno_p2h_a035-h105-met01.5_r9003": 83.97043447494,
  "pno_p2h_a035-h035-met01.5_r1013": 45.5656818922372,
  "pno_p2h_a035-h070-met01.5_r1013": 64.7680581835886,
  "pno_p2h_a035-h105-met01.5_r1013": 83.97043447494,
  "pno_p2h_a035-h035-met01.5_r7032": 45.5656818922372,
  "pno_p2h_a035-h070-met01.5_r7032": 64.7680581835886,
  "pno_p2h_a035-h105-met01.5_r7032": 83.97043447494,
  "pno_p2h_a035-h035-met01.5_r7004": 45.5656818922372,
  "pno_p2h_a035-h070-met01.5_r7004": 64.7680581835886,
  "pno_p2h_a035-h105-met01.5_r7004": 83.97043447494,
  "pno_p2h_a035-h035-met01.5_r7039": 45.5656818922372,
  "pno_p2h_a035-h070-met01.5_r7039": 64.7680581835886,
  "pno_p2h_a035-h105-met01.5_r7039": 83.97043447494,
  "pno_p2h_a035-h035-met01.5_r9007": 45.5656818922372,
  "pno_p2h_a035-h070-met01.5_r9007": 64.7680581835886,
  "pno_p2h_a035-h105-met01.5_r9007": 83.97043447494,
  "pno_p2h_a035-h035-met01.5_r7011": 45.5656818922372,
  "pno_p2h_a035-h070-met01.5_r7011": 64.7680581835886,
  "pno_p2h_a035-h105-met01.5_r7011": 83.97043447494,
  "pno_p2h_a035-h035-met01.5_r9005": 45.5656818922372,
  "pno_p2h_a035-h070-met01.5_r9005": 64.7680581835886,
  "pno_p2h_a035-h105-met01.5_r9005": 83.97043447494,
  "pno_p2h_a035-h035-met01.5_r1023": 45.5656818922372,
  "pno_p2h_a035-h070-met01.5_r1023": 64.7680581835886,
  "pno_p2h_a035-h105-met01.5_r1023": 83.97043447494,
  "pno_p2h_a035-h035-met01.5_r2004": 45.5656818922372,
  "pno_p2h_a035-h070-met01.5_r2004": 64.7680581835886,
  "pno_p2h_a035-h105-met01.5_r2004": 83.97043447494,
  "pno_p2h_a035-h035-met01.5_r8014": 45.5656818922372,
  "pno_p2h_a035-h070-met01.5_r8014": 64.7680581835886,
  "pno_p2h_a035-h105-met01.5_r8014": 83.97043447494,
  "pno_p2h_a035-h035-met01.5_r5010": 45.5656818922372,
  "pno_p2h_a035-h070-met01.5_r5010": 64.7680581835886,
  "pno_p2h_a035-h105-met01.5_r5010": 83.97043447494,
  "pno_p2h_a035-h035-met01.5_r6025": 45.5656818922372,
  "pno_p2h_a035-h070-met01.5_r6025": 64.7680581835886,
  "pno_p2h_a035-h105-met01.5_r6025": 83.97043447494,
  "pno_p2h_a035-h035-met01.5_r6005": 45.5656818922372,
  "pno_p2h_a035-h070-met01.5_r6005": 64.7680581835886,
  "pno_p2h_a035-h105-met01.5_r6005": 83.97043447494,
  "pno-sb_a035-met01.5_r9007": 23.9804276316866,
  "pno-sb_a070-met01.5_r9007": 31.6635138446349,
  "pno-sb_a105-met01.5_r9007": 39.3466000575833,
  "pno_p_a035-a035-fel06_gri": 72.9,
  "pno_p_a035-a070-fel06_gri": 92.4,
  "pno_p_a035-a105-fel06_gri": 111.9,
  "pno_p_a070-a070-fel06_gri": 131.4,
  "pno_p_a070-a105-fel06_gri": 170.4,
  "pno_p_a105-a105-fel06_gri": 228.9,
  "pno_p_a070-a140_fel06_gri": 209.4,
  "pno_p_a035-a035-fel06_ant": 72.9,
  "pno_p_a035-a070-fel06_ant": 92.4,
  "pno_p_a035-a105-fel06_ant": 111.9,
  "pno_p_a070-a070-fel06_ant": 131.4,
  "pno_p_a070-a105-fel06_ant": 170.4,
  "pno_p_a105-a105-fel06_ant": 228.9,
  "pno_p_a070-a140_fel06_ant": 209.4,
  "pno_p_a035-a035-fel06_siy": 72.9,
  "pno_p_a035-a070-fel06_siy": 92.4,
  "pno_p_a035-a105-fel06_siy": 111.9,
  "pno_p_a070-a070-fel06_siy": 131.4,
  "pno_p_a070-a105-fel06_siy": 170.4,
  "pno_p_a105-a105-fel06_siy": 228.9,
  "pno_p_a070-a140_fel06_siy": 209.4,
  "pno_p_a035-a035-fel06_bej": 72.9,
  "pno_p_a035-a070-fel06_bej": 92.4,
  "pno_p_a035-a105-fel06_bej": 111.9,
  "pno_p_a070-a070-fel06_bej": 131.4,
  "pno_p_a070-a105-fel06_bej": 170.4,
  "pno_p_a105-a105-fel06_bej": 228.9,
  "pno_p_a070-a140_fel06_bej": 209.4,
  "pno_p_a035-a035-fel06_yes": 72.9,
  "pno_p_a035-a070-fel06_yes": 92.4,
  "pno_p_a035-a105-fel06_yes": 111.9,
  "pno_p_a070-a070-fel06_yes": 131.4,
  "pno_p_a070-a105-fel06_yes": 170.4,
  "pno_p_a105-a105-fel06_yes": 228.9,
  "pno_p_a070-a140_fel06_yes": 209.4,
  "pno_pf_a035-a035-fel06_gri": 45.6,
  "pno_pf_a035-a070-fel06_gri": 65.1,
  "pno_pf_a035-a105-fel06_gri": 84.6,
  "pno_pf_a035-a035-fel06_ant": 45.6,
  "pno_pf_a035-a070-fel06_ant": 65.1,
  "pno_pf_a035-a105-fel06_ant": 84.6,
  "pno_pf_a035-a035-fel06_siy": 45.6,
  "pno_pf_a035-a070-fel06_siy": 65.1,
  "pno_pf_a035-a105-fel06_siy": 84.6,
  "pno_pf_a035-a035-fel06_bej": 45.6,
  "pno_pf_a035-a070-fel06_bej": 65.1,
  "pno_pf_a035-a105-fel06_bej": 84.6,
  "pno_pf_a035-a035-fel06_yes": 45.6,
  "pno_pf_a035-a070-fel06_yes": 65.1,
  "pno_pf_a035-a105-fel06_yes": 84.6,
  "pno_sp_a035-d035-met01.5_r9003": 31.3625,
  "pno_sp_a035-d070-met01.5_r9003": 48.49,
  "pno_sp_a035-d105-met01.5_r9003": 65.4875,
  "pno_sp_a060-d060-met01.5_r9003": 63.7,
  "pno_sp_a035-d035-met01.5_r1013": 31.3625,
  "pno_sp_a035-d070-met01.5_r1013": 48.49,
  "pno_sp_a035-d105-met01.5_r1013": 65.4875,
  "pno_sp_a060-d060-met01.5_r1013": 63.7,
  "pno_sp_a035-d035-met01.5_r7032": 31.3625,
  "pno_sp_a035-d070-met01.5_r7032": 48.49,
  "pno_sp_a035-d105-met01.5_r7032": 65.4875,
  "pno_sp_a060-d060-met01.5_r7032": 63.7,
  "pno_sp_a035-d035-met01.5_r7004": 31.3625,